id,requesttime,fileid,uid
25,JarFile,NULL,
26,JarFile,NULL,
27,JarFile,NULL,
28,JarFile,NULL,
29,JarFile,NULL,
30,JarFile,NULL,
31,1553531030,docx,NULL
32,1553531228,docx,NULL
33,1553531236,,NULL
34,1553531601,docx,NULL
35,1553531604,docx,NULL
36,JarFile,NULL,
37,JarFile,NULL,
38,JarFile,NULL,
39,1553532307,html,NULL
40,1553532487,html,NULL
41,1553538490,html,NULL
42,1553538498,html,NULL
43,1553538511,html,NULL
44,1553538527,html,NULL
45,1553538580,html,NULL
46,1553540739,testhtml,NULL
47,JarFile,GeneralError,
48,JarFile,,
49,JarFile,,
50,JarFile,GeneralError,
51,JarFile,,
52,JarFile,95,
53,JarFile,95,
54,1553545045,html,NULL
55,1553545187,html,NULL
56,1553546477,html,QWERTY
57,1553546564,html,CHL2525
58,1553546756,html,CHL2525
59,1553546757,html,CHL2525
60,1553547272,html,QWERTY
61,JarFile,1,
62,JarFile,1,
63,1553549777,docx,100
64,1553549777,docx,100
65,1553549902,docx,100
66,1553550412,docx,100
67,1553551318,html,QWERTY
68,1553551470,html,HTMLISWORKINGGOOOOD
69,1553551774,docx,DocxFinallyWorking
70,1553551774,docx,DocxFinallyWorking
71,1553551775,docx,DocxFinallyWorking
72,1553551876,docx,DocxFinallyWorking
73,1553551877,docx,DocxFinallyWorking
74,1553552090,docx,Caleb'sDocXIsWorking
75,1553552091,docx,Caleb'sDocXIsWorking
76,1553552099,docx,Caleb'sDocXIsWorking
77,1553552162,docx,DocxFinallyWorking
78,1553552162,docx,DocxFinallyWorking
79,1553552170,docx,Caleb'sDocXIsWorking
80,1553552243,docx,DocxFinallyWorking
81,1553552243,docx,DocxFinallyWorking
82,JarFile,1,
83,1553552332,docx,DocxFinallyWorking
84,1553552333,docx,DocxFinallyWorking
85,JarFile,1,
86,1553552439,docx,DocxFinallyWorking
87,1553552440,docx,DocxFinallyWorking
88,1553552555,docx,DocxOnlyLink
89,1553552556,docx,DocxOnlyLink
90,1553552556,docx,DocxOnlyLink
91,1553552916,docx,DocxOnlyLink
92,1553552917,docx,DocxOnlyLink
93,1553552918,docx,DocxOnlyLink
94,1553553122,docx,Caleb'sDocXIsWorking
95,1553553123,docx,Caleb'sDocXIsWorking
96,1553553124,docx,Caleb'sDocXIsWorking
97,1553553176,docx,FROMBROWSER
98,1553553292,docx,FirefuxTestagain
99,1553553310,html,HTMLISWORKINGGOOOOD
100,1553553536,html,plumbus
101,JarFile,1,
102,1553554483,html,HTMLISWORKINGGOOOOD
103,1553554503,html,HTMLISWORKINGGOOOOD
104,1553554724,html,HTMLISWORKINGGOOOOD
105,1553555475,html,HTMLISWORKINGGOOOOD
106,JarFile,1,
107,JarFile,1,
108,JarFile,1,
109,1553555914,JarFile,1
110,1553555928,html,HTMLISWORKINGGOOOOD
111,1553556425,JarFile,FileNotFoundError
112,1553556463,JarFile,FileNotFoundError
113,1553556557,JarFile,703
114,1553557128,docx,100
115,1553557814,JarFile,1
116,1553557954,JarFile,1
117,1553558914,html,HTMLISWORKINGGOOOOD
118,1553558931,JarFile,9999
119,1553559294,JarFile,703
120,1553560638,docx,Caleb'sDocXIsWorking
121,1553564138,JarFile,703
122,1553564218,JarFile,703
123,1553564400,JarFile,FileNotFoundError
124,JarFile,FileNotFoundError,
125,JarFile,FileNotFoundError,
126,1553564913,JarFile,703
127,1553565632,JarFile,fuckingWork
128,JarFile,FileNotFoundError,
129,1553566692,JarFile,fuckingWork
130,1553566783,JarFile,703
131,JarFile,FileNotFoundError,
132,1553567820,JarFile,fuckingWork
133,1553568028,JarFile,703
134,1553568428,JarFile,fuckingWork
135,1553568597,JarFile,703
136,1553569076,JarFile,703
137,1553569300,JarFile,703
138,JarFile,FileNotFoundError,
139,1553616721,,001fid=html
140,1553616703,JarFile,1
141,1553616744,JarFile,1
142,JarFile,FileNotFoundError,
143,1553621953,html,55
144,1553622039,html,53
145,1553622070,html,55
146,1553622103,html,61
147,1553622161,html,76
148,1553622210,html,58
149,1553622293,html,25
150,1553622380,,001fid=html
151,1553622454,html,1
152,1553622507,html,9
153,1553622597,html,79
154,1553622658,html,26
155,1553622717,html,67
156,1553622781,html,54
157,1553622839,html,96
158,JarFile,FileNotFoundError,
159,JarFile,FileNotFoundError,
160,JarFile,fuckingWork,
161,JarFile,FinalDraft,
162,JarFile,SomeRelevantProgram,
163,MP3,SomeRelevantProgram,
164,PNG,SomeRelevantProgram,
165,PDF,SomeRelevantProgram,
166,1553626427,fileid?,uid?
167,1553626470,fileid?,uid?
168,1553626639,fileid?,uid?
169,MP3,FileNotFoundError,
170,MP3,BatchTest,
171,MP3,BatchTest,
172,MP3,BatchTest,
173,MP3,BatchTest,
174,MP3,BatchTest,
175,MP3,BatchTest,
176,MP3,FileNotFoundError,
177,PDF,FileNotFoundError,
178,PDF,FileNotFoundError,
179,PNG,FileNotFoundError,
180,JarFile,SomeRelevantProgram,
181,1553629730,html,55
182,1553632483,docx,InsertIDHere
183,1553632483,docx,InsertIDHere
184,1553632487,docx,InsertIDHere
185,1553632578,docx,InsertIDHere
186,1553632581,docx,InsertIDHere
187,1553647279,docx,PUTIDHERE
188,1553647284,docx,PUTIDHERE
189,1553648160,html,67
190,JarFile,67,
191,1553648190,docx,67
192,MP3,FileNotFoundError,
193,MP3,67,
194,MP3,67,
195,PNG,67,
196,PDF,67,
197,1553648614,html,29
198,1553648640,docx,67
199,1553648678,docx,67
200,PNG,67,
201,PNG,67,
202,PNG,67,
203,PNG,67,
204,1553649027,html,29
205,MP3,29,
206,1553649125,fileid?,uid?
207,PDF,29,
208,1553649213,html,98
209,PDF,29,
210,PNG,54,
211,1553649752,html,29
212,1553649760,html,29
213,1553649819,html,54
214,PDF,55,
215,PNG,55,
216,PNG,55,
217,1553650116,html,55
218,1553650119,html,26
219,1553650200,html,96
220,JarFile,96,
221,MP3,96,
222,MP3,25,
223,MP3,58,
224,MP3,76,
225,MP3,79,
226,MP3,61,
227,MP3,57,
228,MP3,94,
229,JarFile,87,
230,JarFile,87,
231,JarFile,87,
232,1553652496,html,87
233,JarFile,87,
234,JarFile,87,
235,1553652558,html,87
236,MP3,73,
237,MP3,73,
238,MP3,9,
239,1553654941,html,70
240,1553654994,html,70
241,1553655387,html,98
242,JarFile,93,
243,PDF,77,
244,1553657164,html,43
245,MP3,66,
246,1553658991,html,11
247,1553659404,html,41
248,MP3,30,
249,MP3,38,
250,1553660086,html,71
251,1553660172,html,71
252,JarFile,65,
253,1553661110,html,67
254,MP3,6,
255,1553661983,html,70
256,1553662536,docx,67
257,1553662537,docx,67
258,1553662627,docx,67
259,1553668395,html,71
260,1553668498,docx,67
261,JarFile,72,
262,1553695105,html,72
263,1553695140,docx,72
264,1553695140,docx,72
265,1553695141,docx,72
266,MP3,72,
267,PNG,72,
268,PDF,72,
269,PDF,39,
270,PDF,39,
271,PDF,39,
272,PNG,39,
273,PNG,39,
274,1553738718,docx,39
275,1553738718,docx,39
276,1553738719,docx,39
277,1553738726,html,39
278,JarFile,39,
279,MP3,39,
280,PNG,39,
281,PDF,75,
282,PNG,75,
283,JarFile,75,
284,JarFile,75,
285,JarFile,75,
286,1553743234,html,75
287,1553743238,html,75
288,1553743254,docx,75
289,1553743254,docx,75
290,1553743255,docx,75
291,1553773195,html,30
292,1553775547,html,34
293,1553782279,html,98
294,1553782736,html,32
295,PNG,32,
296,JarFile,32,
297,1553788439,html,90
298,JarFile,90,
299,PDF,90,
300,1553791229,docx,76
301,1553793176,docx,73
302,1553793176,docx,73
303,1553793185,docx,73
304,1553793201,html,73
305,1553795958,JarFile,FileNotFoundError
306,1553796080,JarFile,FileNotFoundError
307,1553796618,JarFile,Testing iMac
308,JarFile,100,
309,1553797817,html,100
310,PNG,100,
311,1553801532,html,84
312,1553802458,html,70
313,JarFile,70,
314,PDF,70,
315,JarFile,70,
316,1553802550,html,70
317,1553802640,docx,76
318,1553802641,docx,76
319,1553802641,docx,76
320,PNG,76,
321,1553802720,html,20
322,PNG,20,
323,PNG,20,
324,PNG,20,
325,PNG,FileNotFoundError,
326,JarFile,20,
327,JarFile,20,
328,JarFile,20,
329,JarFile,20,
330,MP3,20,
331,1553802937,html,20
332,1553802954,html,20
333,1553802967,html,20
334,1553802969,html,20
335,PNG,33,
336,1553814548,docx,85
337,1553814634,docx,96
338,1553816466,html,4
339,JarFile,4,
340,JarFile,4,
341,1553817859,html,8
342,PNG,8,
343,PNG,52,
344,1553861091,html,52
345,JarFile,52,
346,1553861505,html,89
347,1553875957,html,72
348,1553876404,docx,23
349,1553876404,docx,23
350,1553876405,docx,23
351,1553876409,html,23
352,JarFile,23,
353,JarFile,53,
354,1553879147,html,25
355,1553883899,html,85
356,1553884322,html,77
357,1553885165,html,40
358,1553915319,html,35
359,1553916159,docx,95
360,PNG,82,
361,PNG,82,
362,PNG,82,
363,PNG,82,
364,PNG,82,
365,PNG,82,
366,PNG,82,
367,MP3,82,
368,MP3,29,
369,1554128492,html,71
370,JarFile,84,
371,JarFile,84,
372,1554148829,html,84
373,PDF,84,
374,PDF,84,
375,PDF,84,
376,1554208137,html,84
377,MP3,26,
378,PNG,26,
379,PNG,26,
380,1554211446,docx,26
381,1554211446,docx,26
382,1554211455,docx,26
383,JarFile,26,
384,1554232004,,
385,1554232077,tom,hello
386,1554232086,ryan,hello
387,1554232105,play_a_game,lets
388,1554232176,play_a_gameplay_a_gameplay_a_gameplay_a_gameplay_a_gameplay_a_gameplay_a_gameplay_a_gameplay_a_gameplay_a_gameplay_a_gameplay_a_gameplay_a_gameplay_a_gameplay_a_gameplay_a_gameplay_a_gameplay_a_gameplay_a_gameplay_a_gameplay_a_gameplay_a_gameplay_a_gameplay_a_gameplay_a_gameplay_a_gameplay_a_gameplay_a_gameplay_a_gameplay_a_gameplay_a_gameplay_a_gameplay_a_gameplay_a_gameplay_a_gameplay_a_gameplay_a_gameplay_a_gameplay_a_gameplay_a_gameplay_a_gameplay_a_gameplay_a_gameplay_a_gameplay_a_gameplay_a_gameplay_a_gameplay_a_gameplay_a_gameplay_a_gameplay_a_gameplay_a_gameplay_a_gameplay_a_gameplay_a_gameplay_a_gameplay_a_gameplay_a_gameplay_a_gameplay_a_gameplay_a_gameplay_a_gameplay_a_gameplay_a_gameplay_a_gameplay_a_gameplay_a_gameplay_a_gameplay_a_gameplay_a_gameplay_a_gameplay_a_gameplay_a_gameplay_a_gameplay_a_gameplay_a_gameplay_a_gameplay_a_gameplay_a_gameplay_a_gameplay_a_gameplay_a_gameplay_a_gameplay_a_gameplay_a_gameplay_a_gameplay_a_gameplay_a_gameplay_a_gameplay_a_gameplay_a_gameplay_a_gameplay_a_gameplay_a_gameplay_a_gameplay_a_gameplay_a_gameplay_a_gameplay_a_gameplay_a_gameplay_a_gameplay_a_gameplay_a_gameplay_a_gameplay_a_gameplay_a_gameplay_a_gameplay_a_gameplay_a_gameplay_a_gameplay_a_gameplay_a_gameplay_a_gameplay_a_gameplay_a_gameplay_a_gameplay_a_gameplay_a_gameplay_a_gameplay_a_gameplay_a_gameplay_a_gameplay_a_gameplay_a_gameplay_a_gameplay_a_gameplay_a_gameplay_a_gameplay_a_gameplay_a_gameplay_a_gameplay_a_gameplay_a_gameplay_a_gameplay_a_gameplay_a_gameplay_a_gameplay_a_gameplay_a_gameplay_a_gameplay_a_gameplay_a_gameplay_a_gameplay_a_gameplay_a_gameplay_a_gameplay_a_gameplay_a_gameplay_a_gameplay_a_gameplay_a_gameplay_a_gameplay_a_gameplay_a_gameplay_a_gameplay_a_gameplay_a_gameplay_a_gameplay_a_gameplay_a_gameplay_a_gameplay_a_gameplay_a_gameplay_a_gameplay_a_gameplay_a_gameplay_a_gameplay_a_gameplay_a_gameplay_a_gameplay_a_gameplay_a_gameplay_a_gameplay_a_gameplay_a_gameplay_a_gameplay_a_gameplay_a_gameplay_a_gameplay_a_gameplay_a_gameplay_a_gameplay_a_gameplay_a_gameplay_a_,lets
389,JarFile,90,
390,1554302750,html,90
391,PNG,32,
392,PNG,32,
393,PNG,32,
394,1554323984,html,32
395,1554343224,docx,56
396,MP3,FileNotFoundError,
397,1554409758,docx,26
398,1554432904,docx,26
399,1554432906,docx,26
400,1554432910,docx,26
401,MP3,29,
402,PNG,29,
403,1554696620,html,101
404,1554696853,html,101
405,1554696949,html,101
406,1554698066,html,101
407,MP3,112,
408,MP3,112,
409,PDF,115,
410,PNG,118,
411,1554758810,html,124
412,1554758862,html,124
413,1554768022,html,124
414,1554768143,html,124
415,MP3,139,
416,1554819764,,083fid=html
417,1554825722,html,143
418,JarFile,143,
419,MP3,FileNotFoundError,
420,PNG,29,
421,MP3,143,
422,MP3,143,
423,PNG,128,
424,PNG,143,
425,PNG,143,
426,PNG,143,
427,PNG,143,
428,PNG,143,
429,MP3,FileNotFoundError,
430,MP3,FileNotFoundError,
431,MP3,FileNotFoundError,
432,PNG,FileNotFoundError,
433,PNG,FileNotFoundError,
434,PNG,FileNotFoundError,
435,PNG,FileNotFoundError,
436,PNG,FileNotFoundError,
437,PNG,FileNotFoundError,
438,PNG,FileNotFoundError,
439,PNG,146,
440,PDF,146,
441,JarFile,146,
442,1554829088,docx,146
443,1554829088,docx,146
444,1554829089,docx,146
445,1554829102,html,146
446,MP3,146,
447,PNG,146,
448,PDF,146,
449,PDF,88,
450,PNG,88,
451,MP3,88,
452,PNG,88,
453,PNG,88,
454,PDF,88,
455,PDF,88,
456,MP3,USBsWorkingFine,
457,MP3,USBsWorkingFine,
458,MP3,USBsWorkingFine,
459,MP3,USBsWorkingFine,
460,MP3,USBsWorkingFine,
461,MP3,USBsWorkingFine,
462,MP3,USBsWorkingFine,
463,MP3,USBsWorkingFine,
464,MP3,USBsWorkingFine,
465,MP3,USBsWorkingFine,
466,MP3,USBsWorkingFine,
467,MP3,USBsWorkingFine,
468,MP3,USBsWorkingFine,
469,MP3,USBsWorkingFine,
470,MP3,USBsWorkingFine,
471,MP3,USBsWorkingFine,
472,MP3,USBsWorkingFine,
473,MP3,USBsWorkingFine,
474,MP3,USBsWorkingFine,
475,MP3,USBsWorkingFine,
476,MP3,USBsWorkingFine,
477,MP3,USBsWorkingFine,
478,MP3,USBsWorkingFine,
479,MP3,USBsWorkingFine,
480,MP3,USBsWorkingFine,
481,PDF,FileNotFoundError,
482,MP3,FileNotFoundError,
483,MP3,USBsWorkingFine,
484,MP3,USBsWorkingFine,
485,MP3,USBsWorkingFine,
486,MP3,USBsWorkingFine,
487,MP3,USBsWorkingFine,
488,MP3,USBsWorkingFine,
489,MP3,USBsWorkingFine,
490,MP3,USBsWorkingFine,
491,MP3,USBsWorkingFine,
492,MP3,USBsWorkingFine,
493,MP3,USBsWorkingFine,
494,MP3,USBsWorkingFine,
495,MP3,USBsWorkingFine,
496,MP3,USBsWorkingFine,
497,MP3,USBsWorkingFine,
498,MP3,USBsWorkingFine,
499,MP3,USBsWorkingFine,
500,MP3,USBsWorkingFine,
501,MP3,USBsWorkingFine,
502,MP3,USBsWorkingFine,
503,MP3,USBsWorkingFine,
504,MP3,USBsWorkingFine,
505,MP3,USBsWorkingFine,
506,MP3,USBsWorkingFine,
507,MP3,USBsWorkingFine,
508,MP3,USBsWorkingFine,
509,MP3,USBsWorkingFine,
510,MP3,USBsWorkingFine,
511,MP3,USBsWorkingFine,
512,MP3,USBsWorkingFine,
513,MP3,USBsWorkingFine,
514,MP3,USBsWorkingFine,
515,MP3,USBsWorkingFine,
516,MP3,USBsWorkingFine,
517,MP3,USBsWorkingFine,
518,MP3,USBsWorkingFine,
519,MP3,USBsWorkingFine,
520,MP3,USBsWorkingFine,
521,MP3,FileNotFoundError,
522,MP3,USBsWorkingFine,
523,MP3,FileNotFoundError,
524,MP3,FileNotFoundError,
525,MP3,FileNotFoundError,
526,MP3,FileNotFoundError,
527,MP3,CalebTest,
528,MP3,USBsWorkingFine,
529,MP3,FileNotFoundError,
530,MP3,FileNotFoundError,
531,MP3,143,
532,MP3,FileNotFoundError,
533,MP3,143,
534,MP3,143,
535,MP3,143,
536,MP3,143,
537,MP3,143,
538,MP3,143,
539,MP3,143,
540,MP3,143,
541,MP3,FileNotFoundError,
542,MP3,testing4-15-19,
543,MP3,testing4-15-19,
544,PDF,testing4-15-19,
545,MP3,testing4-15-19,
546,PNG,testing4-15-19,
547,JarFile,143,
548,1555369869,html,143
549,1555369895,docx,143
550,1555369897,docx,143
551,1555369902,docx,143
552,PNG,143,
553,1555369938,docx,143
554,PDF,143,
555,1555369960,html,143
556,MP3,143,
557,PNG,143,
558,PDF,143,
559,MP3,143,
560,PNG,143,
561,PNG,143,
562,PNG,123,
563,PDF,123,
564,MP3,123,
565,PNG,101,
566,PDF,101,
567,MP3,101,
568,1555372479,docx,1234567
569,1555372483,docx,1234567
570,PDF,121,
571,PNG,121,
572,MP3,121,
573,1555372684,html,121
574,PNG,120,
575,MP3,CalebTest,
576,MP3,CalebTest,
577,MP3,CalebTest,
578,MP3,CalebTest,
579,1555373292,docx,185
580,1555373296,docx,185
581,1555373302,html,26
582,MP3,RyanTESTFromCuchta.com,
583,MP3,FromCuchta.comPDF,
584,MP3,CalebTest,
585,PDF,RightFiles,
586,PDF,103,
587,MP3,185,
588,PDF,185,
589,PNG,185,
590,1555373995,docx,13233345667
591,1555373999,docx,13233345667
592,1555374004,html,26
593,1555374085,html,26
594,1555374111,docx,13233345667
595,1555374159,docx,13233345667
596,JarFile,185,
597,1555374563,docx,185
598,1555374568,docx,185
599,1555374570,html,26
600,PNG,185,
601,PDF,185,
602,MP3,185,
603,PDF,FileNotFoundError,
604,PDF,106,
605,PDF,106,
606,PDF,106,
607,PDF,102,
608,1555375184,html,102
609,PDF,113,
610,PDF,108,
611,PDF,104,
612,1555379504,html,143
613,1555379642,docx,143
614,1555379798,html'></p>,26
615,1555380546,html,26
616,1555383132,html,196
617,1555383189,html,26
618,1555383336,docx,13233345667
619,1555385831,html,26
620,1555425418,docx,70
621,1555425426,docx,70
622,1555425435,html,70
623,JarFile,70,
624,JarFile,70,
625,PNG,70,
626,1555425506,html,70
627,PDF,70,
628,1555425516,docx,70
629,MP3,70,
630,PDF,133,
631,PNG,143,
632,1555432600,html,26
633,1555432942,docx,192
634,1555432942,docx,192
635,1555432946,docx,192
636,JarFile,192,
637,1555432987,html,192
638,PNG,192,
639,PDF,192,
640,MP3,192,
641,1555433022,docx,192
642,1555433039,html,26
643,1555433062,html,192
644,1555433135,docx,197
645,1555433136,docx,197
646,1555433136,docx,197
647,1555433143,html,197
648,JarFile,197,
649,PNG,197,
650,PDF,197,
651,MP3,197,
652,1555433228,html,148
653,1555433239,docx,148
654,1555433239,docx,148
655,1555433243,docx,148
656,JarFile,148,
657,PNG,148,
658,PDF,148,
659,PNG,148,
660,1555433534,html,149
661,1555433562,docx,149
662,1555433563,docx,149
663,1555433564,docx,149
664,JarFile,149,
665,PNG,149,
666,PDF,149,
667,MP3,149,
668,1555434137,html,70
669,1555434497,docx,70
670,1555434667,docx,181
671,1555434667,docx,181
672,1555434671,docx,181
673,1555434676,html,181
674,JarFile,181,
675,PNG,181,
676,PDF,181,
677,MP3,181,
678,1555441875,docx,192
679,1555442825,html,192
680,MP3,100,
681,JarFile,SomeRelevantProgram,
682,1555899539,html,26
683,MP3,152,
684,JarFile,164,
685,JarFile,146,
686,1556212604,html,67
